Player,Team,Age,GP,W,L,MIN,%FGA2PT,%FGA3PT,%PTS2PT,%PTS2PTMR,%PTS3PT,%PTSFBPs,%PTSFT,%PTSOffTO,%PTSPITP,2FGM%AST,2FGM%UAST,3FGM%AST,3FGM%UAST,FGM%AST,FGM%UAST
Aaron Gordon,DEN,26,75,46,29,31.7,68.8,31.2,61.6,7.3,23.2,13.9,15.2,15.2,54.4,62.8,37.2,85.1,14.9,67.3,32.7
Aaron Holiday,PHX,25,63,34,29,16.2,69.5,30.5,56.0,7.5,29.3,11.3,14.7,18.3,48.5,34.8,65.2,71.8,28.2,44.4,55.6
Aaron Nesmith,BOS,22,52,32,20,11.0,36.8,63.2,41.8,8.2,47.4,13.8,10.8,15.8,33.7,80.5,19.5,93.5,6.5,86.1,13.9
Aaron Wiggins,OKC,23,50,13,37,24.2,59.1,40.9,54.8,1.9,30.3,15.4,14.9,14.4,52.9,56.1,43.9,97.6,2.4,67.3,32.7
Al Horford,BOS,35,69,46,23,29.1,53.4,46.6,50.5,6.6,38.1,6.3,11.4,15.0,43.9,67.8,32.2,97.8,2.2,77.8,22.2
Alec Burks,NYK,30,81,37,44,28.6,46.6,53.4,27.1,6.4,49.9,7.1,23.0,14.9,20.8,43.0,57.0,75.2,24.8,60.7,39.3
Aleksej Pokusevski,OKC,20,61,19,42,20.2,56.8,43.2,55.6,5.6,36.9,17.0,7.5,19.0,50.0,53.5,46.5,94.7,5.3,66.1,33.9
Alex Caruso,CHI,28,41,24,17,28.0,50.8,49.2,39.5,3.9,41.4,9.9,19.1,21.1,35.5,56.7,43.3,92.9,7.1,71.6,28.4
Alperen Sengun,HOU,19,72,18,54,20.7,77.7,22.3,63.6,1.2,12.6,4.8,23.8,14.0,62.4,43.6,56.4,96.6,3.4,49.8,50.2
Amir Coffey,LAC,24,69,33,36,22.7,45.5,54.5,37.2,4.2,46.5,17.9,16.3,17.1,33.0,59.1,40.9,93.8,6.3,74.9,25.1
Andre Drummond,BKN,28,73,42,31,19.7,99.3,0.7,85.2,0.7,0.0,7.9,14.8,14.8,84.5,59.1,40.9,0.0,0.0,59.1,40.9
Andrew Wiggins,GSW,27,73,47,26,31.9,60.8,39.2,50.6,10.7,37.5,10.7,11.9,13.8,40.0,49.7,50.3,89.8,10.2,62.9,37.1
Anfernee Simons,POR,22,57,25,32,29.5,44.5,55.5,35.2,11.9,54.4,8.5,10.4,14.1,23.3,19.5,80.5,65.4,34.6,42.8,57.2
Anthony Davis,LAL,29,40,17,23,35.1,89.9,10.1,77.0,15.5,4.2,9.4,18.8,16.1,61.5,64.7,35.3,84.6,15.4,65.4,34.6
Anthony Edwards,MIN,20,72,39,33,34.2,51.6,48.4,43.6,4.7,42.1,16.6,14.3,20.0,38.9,36.5,63.5,55.3,44.7,43.9,56.1
Anthony Gill,WAS,29,44,15,29,10.5,76.1,23.9,53.3,0.0,23.3,5.6,23.4,13.9,53.3,77.1,22.9,100,0.0,82.3,17.7
Armoni Brooks,TOR,23,54,20,34,15.6,13.8,86.2,16.7,1.4,77.1,8.3,6.2,15.6,15.3,66.7,33.3,82.4,17.6,78.6,21.4
Austin Reaves,LAL,23,61,28,33,23.2,47.5,52.5,41.9,5.0,35.8,14.4,22.3,20.5,36.9,55.9,44.1,98.1,1.9,71.2,28.8
Austin Rivers,DEN,29,67,41,26,22.1,34.0,66.0,33.3,0.0,58.8,9.9,7.9,11.4,33.3,46.3,53.7,84.8,15.2,67.1,32.9
Avery Bradley,LAL,31,62,27,35,22.7,40.0,60.0,33.5,10.7,62.4,12.2,4.1,19.5,22.8,63.6,36.4,93.9,6.1,80.4,19.6
Ayo Dosunmu,CHI,22,77,42,35,27.4,65.2,34.8,61.3,12.4,30.9,25.5,7.8,20.9,48.9,57.2,42.8,98.6,1.4,67.6,32.4
Bam Adebayo,MIA,24,56,36,20,32.6,99.2,0.8,76.0,7.9,0.0,11.3,24.0,15.5,68.2,60.8,39.2,0.0,0.0,60.8,39.2
Ben McLemore,POR,29,64,20,44,20.1,22.6,77.4,19.8,7.3,69.2,16.6,11.0,20.8,12.5,84.6,15.4,96.7,3.3,93.1,6.9
Blake Griffin,BKN,33,56,29,27,17.1,53.7,46.3,52.9,2.2,31.8,8.9,15.3,16.4,50.7,62.1,37.9,94.7,5.3,71.4,28.6
Bobby Portis,MIL,27,72,46,26,28.2,61.2,38.8,54.0,12.4,37.9,9.4,8.1,13.4,41.6,55.6,44.4,100,0.0,69.8,30.2
Bogdan Bogdanovic,ATL,29,63,33,30,29.3,42.2,57.8,36.4,10.1,53.4,13.3,10.2,16.9,26.3,38.2,61.8,79.3,20.7,58.5,41.5
Bojan Bogdanovic,UTA,32,69,45,24,30.9,49.6,50.4,38.6,2.7,43.5,13.5,17.9,13.9,35.9,56.8,43.2,91.7,8.3,71.8,28.2
Bones Hyland,DEN,21,69,41,28,19.0,37.3,62.7,28.4,6.3,56.3,12.9,15.3,14.3,22.1,36.4,63.6,68.7,31.3,54.8,45.2
Bradley Beal,WAS,28,40,17,23,36.0,72.8,27.2,61.4,17.0,20.4,9.1,18.2,12.8,44.4,36.5,63.5,60.3,39.7,40.8,59.2
Brandon Boston Jr.,LAC,20,51,26,25,14.9,65.8,34.2,53.1,16.3,29.7,14.6,17.2,16.3,36.7,61.5,38.5,58.8,41.2,60.8,39.2
Brandon Clarke,MEM,25,64,44,20,19.5,95.1,4.9,85.0,2.7,2.3,12.3,12.7,16.8,82.3,70.0,30.0,100,0.0,70.5,29.5
Brandon Ingram,NOP,24,55,29,26,34.0,77.0,23.0,60.8,30.5,17.8,8.4,21.4,13.3,30.3,40.1,59.9,89.2,10.8,48.1,51.9
Bruce Brown,BKN,25,72,37,35,24.6,81.4,18.6,67.4,1.5,17.6,20.7,15.0,18.5,65.8,74.3,25.7,97.4,2.6,77.7,22.3
Bryn Forbes,DEN,28,75,36,39,17.1,45.3,54.7,32.9,15.7,55.2,10.9,11.9,13.3,17.2,69.7,30.3,95.9,4.1,83.5,16.5
Buddy Hield,IND,29,81,26,55,30.8,34.8,65.2,29.1,7.7,62.1,18.3,8.8,19.4,21.3,44.0,56.0,84.7,15.3,67.9,32.1
CJ Elleby,POR,21,58,17,41,20.2,59.1,40.9,49.6,4.1,32.7,17.7,17.7,22.4,45.4,63.1,36.9,97.3,2.7,73.6,26.4
CJ McCollum,NOP,30,62,28,34,34.6,59.7,40.3,51.7,18.7,39.9,11.9,8.4,11.6,33.0,25.4,74.6,65.9,34.1,39.2,60.8
Cade Cunningham,DET,20,64,20,44,32.6,64.8,35.2,56.6,10.2,30.7,6.6,12.7,14.5,46.3,23.5,76.5,71.1,28.9,36.1,63.9
Caleb Martin,MIA,26,60,37,23,22.9,62.2,37.8,52.3,5.8,34.8,18.5,12.9,21.8,46.5,60.4,39.6,90.6,9.4,69.7,30.3
Cam Reddish,NYK,22,49,20,29,20.7,54.9,45.1,39.8,8.0,39.8,13.3,20.4,13.5,31.8,52.5,47.5,83.3,16.7,64.8,35.2
Cam Thomas,BKN,20,67,32,35,17.6,65.4,34.6,60.0,25.3,24.7,13.0,15.3,13.5,34.7,41.5,58.5,70.2,29.8,47.7,52.3
Cameron Johnson,PHX,26,66,50,16,26.2,35.6,64.4,27.5,1.9,60.6,15.2,11.9,17.2,25.5,67.3,32.7,97.6,2.4,85.3,14.7
Cameron Payne,PHX,27,58,46,12,22.0,64.1,35.9,54.0,8.9,34.0,8.5,12.0,12.5,45.0,18.3,81.7,63.4,36.6,31.7,68.3
Caris LeVert,CLE,27,58,23,35,30.7,70.0,30.0,60.2,7.9,24.9,10.6,14.9,14.2,52.3,30.3,69.7,63.4,36.6,37.5,62.5
Carmelo Anthony,LAL,37,69,27,42,26.0,45.1,54.9,37.0,19.4,48.6,13.3,14.4,14.1,17.6,48.2,51.8,91.9,8.1,68.7,31.3
Cedi Osman,CLE,27,66,37,29,22.1,37.2,62.8,33.6,2.3,54.2,18.2,12.2,16.1,31.3,68.9,31.1,86.7,13.3,78.1,21.9
Chimezie Metu,SAC,25,60,23,37,21.3,58.6,41.4,54.7,7.1,32.0,8.8,13.3,16.5,47.6,74.0,26.0,96.5,3.5,80.3,19.7
Chris Boucher,TOR,29,80,48,32,21.1,60.3,39.7,53.1,1.9,27.1,13.5,19.8,14.7,51.2,67.0,33.0,98.5,1.5,75.0,25.0
Chris Duarte,IND,24,55,21,34,28.0,58.9,41.1,48.3,15.3,39.2,18.6,12.5,15.6,33.1,47.7,52.3,78.7,21.3,58.6,41.4
Chris Paul,PHX,36,65,53,12,32.9,73.0,27.0,62.6,32.2,19.7,5.1,17.7,11.5,30.5,9.7,90.3,41.3,58.7,15.2,84.8
Christian Wood,HOU,26,68,19,49,30.8,61.7,38.3,50.7,1.8,32.3,5.7,17.0,12.6,48.9,60.5,39.5,84.7,15.3,67.7,32.3
Chuma Okeke,ORL,23,70,21,49,25.0,35.5,64.5,32.4,4.0,58.5,10.1,9.1,14.4,28.4,53.1,46.9,96.6,3.4,76.9,23.1
Clint Capela,ATL,27,74,40,34,27.6,99.8,0.2,90.2,0.5,0.0,7.2,9.8,9.6,89.8,76.5,23.5,0.0,0.0,76.5,23.5
Coby White,CHI,22,61,32,29,27.5,45.2,54.8,37.0,7.0,52.8,13.5,10.2,14.2,30.1,42.0,58.0,89.7,10.3,65.2,34.8
Cody Martin,CHA,26,71,41,30,26.3,62.4,37.6,52.6,4.0,33.6,21.9,13.8,21.3,48.5,63.6,36.4,88.5,11.5,71.1,28.9
Cole Anthony,ORL,21,65,18,47,31.7,57.1,42.9,42.4,8.9,37.3,11.9,20.3,10.2,33.5,24.0,76.0,66.7,33.3,39.8,60.2
Corey Kispert,WAS,23,77,31,46,23.4,37.7,62.3,38.5,3.2,53.0,12.0,8.5,14.7,35.3,80.3,19.7,98.2,1.8,88.9,11.1
Cory Joseph,DET,30,65,19,46,24.6,60.8,39.3,43.4,6.9,37.4,4.0,19.2,16.1,36.5,41.6,58.4,86.2,13.8,57.9,42.1
D'Angelo Russell,MIN,26,65,39,26,31.9,46.9,53.1,38.3,12.1,44.9,12.6,16.8,13.9,26.2,28.0,72.0,63.1,36.9,43.4,56.6
D.J. Augustin,LAL,34,55,15,40,16.1,26.1,73.9,17.7,1.4,69.4,13.9,12.9,14.6,16.3,30.8,69.2,82.4,17.6,68.1,31.9
Dalano Banton,TOR,22,64,37,27,10.9,74.8,25.2,68.3,8.8,19.0,15.6,12.7,17.6,59.5,32.9,67.1,76.9,23.1,39.8,60.2
Damian Jones,SAC,26,56,19,37,18.2,89.1,10.9,72.7,7.0,6.6,2.2,20.7,9.9,65.6,79.4,20.6,90.0,10.0,80.0,20.0
Damion Lee,GSW,29,63,41,22,19.9,51.2,48.8,45.4,6.9,40.5,12.0,14.1,16.9,38.5,73.6,26.4,98.4,1.6,82.8,17.2
Daniel Gafford,WAS,23,72,30,42,20.1,99.8,0.2,84.2,0.6,0.0,7.5,15.8,12.6,83.6,73.7,26.3,0.0,0.0,73.7,26.3
Daniel Theis,BOS,30,47,20,27,20.8,63.2,36.8,61.5,4.2,25.8,5.7,12.7,12.8,57.3,79.7,20.3,97.0,3.0,83.4,16.6
Danilo Gallinari,ATL,33,66,35,31,25.3,50.8,49.2,38.1,16.1,43.6,3.4,18.3,10.9,22.0,46.9,53.1,92.0,8.0,66.4,33.6
Danny Green,PHI,34,62,37,25,21.8,15.3,84.7,12.6,2.2,84.4,16.1,3.0,13.4,10.4,87.0,13.0,92.2,7.8,91.3,8.7
Danuel House Jr.,UTA,28,42,18,24,17.3,40.9,59.1,29.0,4.8,53.2,19.0,17.8,23.0,24.2,75.0,25.0,93.2,6.8,85.0,15.0
Darius Bazley,OKC,21,69,19,50,27.9,58.6,41.4,52.1,1.1,32.2,11.8,15.7,15.6,51.0,63.9,36.1,95.0,5.0,73.0,27.0
Darius Garland,CLE,22,68,37,31,35.7,61.3,38.7,50.0,14.0,35.4,8.6,14.6,14.1,36.0,26.1,73.9,48.9,51.1,33.4,66.6
David Nwaba,HOU,29,46,6,40,13.2,72.2,27.8,60.1,0.0,19.3,19.3,20.6,19.7,60.1,54.3,45.7,100,0.0,62.4,37.6
Davion Mitchell,SAC,23,75,28,47,27.7,62.0,38.0,58.3,18.1,35.2,8.5,6.5,16.3,40.2,23.1,76.9,66.3,33.7,35.5,64.5
Davis Bertans,DAL,29,56,32,24,14.4,16.4,83.6,14.1,1.9,74.3,9.6,11.6,14.5,12.2,86.4,13.6,98.7,1.3,96.0,4.0
Davon Reed,DEN,26,48,29,19,13.9,46.6,53.4,42.1,13.4,53.1,10.0,4.8,14.8,28.7,59.1,40.9,91.9,8.1,74.1,25.9
De'Aaron Fox,SAC,24,59,22,37,35.3,77.2,22.8,64.7,14.3,16.2,11.9,19.1,11.3,50.3,21.5,78.5,55.4,44.6,26.4,73.6
De'Andre Hunter,ATL,24,53,28,25,29.8,66.1,33.9,50.8,11.8,31.3,10.3,17.9,15.0,38.9,66.1,33.9,93.2,6.8,74.0,26.0
De'Anthony Melton,MEM,23,73,49,24,22.7,46.5,53.5,35.9,4.8,52.7,24.9,11.4,17.7,31.1,47.2,52.8,85.6,14.4,66.2,33.8
DeAndre Jordan,PHI,33,48,26,22,13.0,100,0.0,89.3,0.0,0.0,7.8,10.7,10.2,89.3,79.3,20.7,0.0,0.0,79.3,20.7
DeAndre' Bembry,MIL,27,56,31,25,18.3,83.7,16.3,76.8,0.0,15.8,19.7,7.4,23.2,76.8,72.5,27.5,100,0.0,75.8,24.2
DeMar DeRozan,CHI,32,76,43,33,36.1,90.7,9.3,68.4,32.9,7.1,5.4,24.5,12.4,35.5,21.7,78.3,90.0,10.0,26.1,73.9
DeMarcus Cousins,DEN,31,48,33,15,14.9,62.3,37.7,52.1,1.4,25.8,4.9,22.1,8.8,50.7,59.8,40.2,100,0.0,69.8,30.2
Dean Wade,CLE,25,51,27,24,19.2,34.6,65.4,35.7,5.2,56.9,10.4,7.4,16.0,30.5,56.3,43.8,98.0,2.0,77.8,22.2
Deandre Ayton,PHX,23,58,46,12,29.5,97.3,2.7,87.3,10.4,2.1,3.7,10.6,13.0,76.8,80.9,19.1,100,0.0,81.2,18.8
Dejounte Murray,SAS,25,68,30,38,34.8,76.3,23.7,66.3,18.6,20.0,13.7,13.7,15.0,47.7,18.9,81.1,69.8,30.2,27.4,72.6
Delon Wright,ATL,29,77,42,35,18.9,56.9,43.1,45.6,4.1,38.6,11.4,15.8,21.1,41.5,44.9,55.1,81.8,18.2,58.2,41.8
Deni Avdija,WAS,21,82,35,47,24.2,55.3,44.7,49.1,2.9,35.9,10.7,15.0,13.4,46.1,58.9,41.1,93.9,6.1,70.4,29.6
Dennis Schroder,HOU,28,64,32,32,28.7,65.5,34.5,52.1,13.6,29.8,8.3,18.1,17.0,38.5,26.5,73.5,72.1,27.9,39.1,60.9
Derrick Jones Jr.,CHI,25,51,28,23,17.6,68.7,31.3,59.4,0.7,21.0,15.0,19.6,14.0,58.7,70.6,29.4,100,0.0,76.2,23.8
Derrick White,BOS,27,75,40,35,29.3,53.9,46.1,44.8,5.2,34.8,13.5,20.4,12.3,39.5,40.1,59.9,83.5,16.5,54.9,45.1
Desmond Bane,MEM,23,76,53,23,29.8,52.5,47.5,40.5,11.0,49.4,18.9,10.1,14.8,29.5,59.6,40.4,83.3,16.7,70.3,29.7
Devin Booker,PHX,25,68,56,12,34.5,66.4,33.6,52.6,23.8,30.1,15.3,17.3,17.3,28.8,39.9,60.1,63.4,36.6,46.4,53.6
Devin Vassell,SAS,21,71,29,42,27.3,50.3,49.7,43.3,14.4,47.1,14.7,9.6,16.5,28.9,67.2,32.8,97.1,2.9,79.8,20.2
Devonte' Graham,NOP,27,76,34,42,28.4,30.9,69.1,23.1,8.4,63.9,12.7,13.0,14.0,14.6,30.8,69.2,75.5,24.5,59.8,40.2
Dewayne Dedmon,MIA,32,67,43,24,15.9,83.8,16.2,68.7,4.3,13.5,2.6,17.8,11.6,64.5,71.0,29.0,94.7,5.3,73.8,26.2
Domantas Sabonis,SAC,25,62,21,41,34.4,83.8,16.2,69.0,2.6,10.0,6.7,21.0,11.0,66.4,61.6,38.4,97.4,2.6,64.8,35.2
Donovan Mitchell,UTA,25,67,41,26,33.8,52.5,47.5,44.4,7.7,40.2,7.7,15.4,12.3,36.7,17.7,82.3,48.3,51.7,29.2,70.8
Donte DiVincenzo,SAC,25,42,21,21,23.9,35.1,64.9,23.2,2.1,58.4,11.8,18.4,15.3,21.1,47.7,52.3,82.4,17.6,69.5,30.5
Dorian Finney-Smith,DAL,28,80,51,29,33.0,37.1,62.9,35.0,1.1,58.6,14.5,6.4,13.9,33.9,76.6,23.4,98.3,1.7,88.0,12.0
Doug McDermott,SAS,30,51,21,30,24.0,44.9,55.1,37.0,6.2,56.1,16.3,6.9,10.2,30.8,85.0,15.0,99.1,0.9,92.1,7.9
Draymond Green,GSW,32,46,34,12,28.9,79.0,21.0,68.8,2.3,13.9,12.7,17.3,17.9,66.5,71.4,28.6,100,0.0,74.8,25.2
Drew Eubanks,POR,25,71,19,52,17.5,93.8,6.2,79.1,3.7,2.7,4.2,18.2,9.7,75.5,75.9,24.1,100,0.0,76.5,23.5
Duane Washington Jr.,IND,22,48,12,36,20.2,49.6,50.4,38.9,8.0,51.4,14.8,9.7,9.3,30.9,52.2,47.8,92.6,7.4,71.1,28.9
Duncan Robinson,MIA,27,79,52,27,25.9,14.0,86.0,13.4,1.9,80.6,8.9,6.0,13.6,11.6,82.8,17.2,96.1,3.9,93.4,6.6
Dwight Howard,LAL,36,60,21,39,16.2,93.2,6.8,67.7,0.0,6.5,1.9,25.8,11.8,67.7,67.5,32.5,87.5,12.5,68.7,31.3
Dwight Powell,DAL,30,82,52,30,21.9,90.8,9.2,71.4,0.8,5.4,5.9,23.2,13.8,70.6,85.5,14.5,100,0.0,86.2,13.8
Dylan Windler,CLE,25,50,28,22,9.2,28.6,71.4,29.1,0.0,57.3,9.1,13.6,13.6,29.1,81.3,18.8,95.2,4.8,89.2,10.8
Elfrid Payton,PHX,28,50,39,11,11.0,89.7,10.3,84.0,5.3,8.0,4.7,8.0,9.3,78.7,27.0,73.0,75.0,25.0,29.9,70.1
Eric Bledsoe,POR,32,54,27,27,25.2,65.2,34.8,54.7,9.4,28.7,11.8,16.6,16.7,45.3,30.1,69.9,90.2,9.8,45.7,54.3
Eric Gordon,HOU,33,57,19,38,29.3,46.6,53.4,37.6,1.0,48.6,8.8,13.8,11.1,36.6,34.0,66.0,71.8,28.2,51.5,48.5
Eric Paschall,UTA,25,58,36,22,12.7,54.0,46.0,44.3,1.8,35.9,4.8,19.8,9.0,42.5,58.1,41.9,95.0,5.0,71.1,28.9
Evan Fournier,NYK,29,80,36,44,29.5,35.9,64.1,28.6,9.1,64.3,9.7,7.1,11.5,19.6,47.8,52.2,88.0,12.0,71.9,28.1
Evan Mobley,CLE,20,69,40,29,33.8,88.9,11.1,77.2,9.9,6.7,5.7,16.1,12.8,67.3,65.2,34.8,95.7,4.3,66.8,33.2
Facundo Campazzo,DEN,31,65,38,27,18.2,34.8,65.2,29.5,2.4,52.4,16.6,18.1,19.3,27.1,38.8,61.2,74.1,25.9,57.9,42.1
Frank Jackson,DET,23,53,9,44,22.0,42.2,57.8,38.6,5.7,46.1,11.6,15.3,16.3,32.9,67.6,32.4,94.2,5.8,79.4,20.6
Frank Ntilikina,DAL,23,58,34,24,11.8,50.2,49.8,42.5,15.0,47.5,6.3,10.0,17.1,27.5,52.9,47.1,89.5,10.5,68.5,31.5
Franz Wagner,ORL,20,79,21,58,30.7,72.2,27.8,60.2,2.0,24.1,12.8,15.7,13.6,58.1,53.1,46.9,83.3,16.7,59.4,40.6
Fred VanVleet,TOR,28,65,39,26,37.9,41.5,58.5,30.3,12.4,55.0,13.7,14.7,12.9,17.9,22.5,77.5,59.5,40.5,42.8,57.2
Furkan Korkmaz,PHI,24,67,44,23,21.1,43.4,56.6,41.3,5.9,45.4,11.2,13.3,15.3,35.4,52.4,47.6,87.0,13.0,67.0,33.0
Gabe Vincent,MIA,25,68,47,21,23.4,37.0,63.0,32.1,7.8,60.4,5.4,7.5,17.1,24.4,40.0,60.0,79.8,20.2,62.1,37.9
Garrett Temple,NOP,35,59,23,36,18.6,37.3,62.7,33.7,4.5,57.3,19.4,9.0,17.5,29.1,63.5,36.5,98.3,1.7,82.0,18.0
Garrison Mathews,HOU,25,65,19,46,26.3,16.3,83.7,13.8,0.6,64.2,10.9,22.0,13.1,13.2,75.6,24.4,97.8,2.2,92.4,7.6
Gary Harris,ORL,27,61,16,45,28.4,45.4,54.6,36.5,7.1,51.3,15.9,12.2,18.0,29.5,58.9,41.1,93.1,6.9,75.4,24.6
Gary Payton II,GSW,29,71,47,24,17.6,65.1,34.9,67.3,0.4,25.7,21.3,7.0,22.9,66.9,78.7,21.3,100,0.0,83.0,17.0
Gary Trent Jr.,TOR,23,70,44,26,35.0,49.8,50.2,37.6,15.7,48.9,14.4,13.5,19.8,21.8,41.1,58.9,76.6,23.4,57.6,42.4
George Hill,MIL,35,54,36,18,23.2,51.3,48.7,46.1,5.4,36.8,16.5,17.1,19.5,40.7,44.2,55.8,92.7,7.3,61.0,39.0
Georges Niang,PHI,28,76,48,28,22.8,31.3,68.7,25.7,2.0,66.9,8.4,7.4,11.6,23.7,71.1,28.9,98.1,1.9,88.2,11.8
Giannis Antetokounmpo,MIL,27,67,45,22,32.9,80.6,19.4,61.7,8.5,10.6,14.4,27.7,13.2,53.2,43.2,56.8,42.3,57.7,43.1,56.9
Goga Bitadze,IND,22,50,17,33,14.6,68.3,31.7,61.9,0.6,19.8,7.2,18.3,13.2,61.3,69.4,30.6,100,0.0,74.8,25.2
Gordon Hayward,CHA,32,49,26,23,31.9,64.3,35.7,50.6,14.1,33.2,16.7,16.2,16.2,36.5,57.9,42.1,87.2,12.8,66.8,33.2
Gorgui Dieng,ATL,32,44,23,21,8.4,39.3,60.7,31.2,13.0,56.5,3.2,12.3,7.1,18.2,83.3,16.7,93.1,6.9,88.7,11.3
Grant Williams,BOS,23,77,49,28,24.4,40.3,59.7,32.9,1.0,52.8,10.0,14.3,14.5,31.9,71.7,28.3,99.1,0.9,85.9,14.1
Grayson Allen,MIL,26,66,43,23,27.3,31.6,68.4,26.2,2.7,65.1,15.3,8.7,17.1,23.5,64.6,35.4,91.2,8.8,81.2,18.8
Greg Brown III,POR,20,48,14,34,13.3,67.9,32.1,55.1,1.8,25.3,14.2,19.6,18.2,53.3,64.5,35.5,100,0.0,72.8,27.2
Hamidou Diallo,DET,23,58,14,44,21.9,82.3,17.7,74.8,9.1,10.8,14.6,14.4,24.1,65.7,51.7,48.3,91.3,8.7,55.2,44.8
Harrison Barnes,SAC,29,77,27,50,33.6,56.8,43.2,39.4,2.5,33.7,9.6,26.9,14.7,36.8,56.6,43.4,95.1,4.9,70.6,29.4
Hassan Whiteside,UTA,32,65,40,25,17.9,100,0.0,80.5,0.7,0.0,3.6,19.5,10.3,79.8,63.7,36.3,0.0,0.0,63.7,36.3
Herbert Jones,NOP,23,78,36,42,29.9,70.7,29.3,58.5,4.3,23.0,21.3,18.5,23.7,54.2,63.1,36.9,100,0.0,70.8,29.2
Ignas Brazdeikis,ORL,23,42,9,33,12.8,53.7,46.3,51.4,2.9,38.6,8.1,10.0,11.9,48.6,57.4,42.6,92.6,7.4,69.1,30.9
Immanuel Quickley,NYK,22,78,35,43,23.1,45.3,54.7,33.3,6.8,46.6,9.4,20.1,13.4,26.5,29.9,70.1,52.6,47.4,40.8,59.2
Isaac Okoro,CLE,21,67,34,33,29.6,63.6,36.4,51.7,1.0,28.1,26.7,20.2,18.7,50.7,71.7,28.3,94.5,5.5,77.8,22.2
Isaiah Hartenstein,LAC,23,68,37,31,17.9,91.8,8.2,76.4,0.4,7.5,7.1,16.1,16.2,76.0,74.9,25.1,85.7,14.3,75.5,24.5
Isaiah Joe,PHI,22,55,35,20,11.1,23.7,76.3,17.2,7.1,68.2,4.5,14.6,16.2,10.1,64.7,35.3,100,0.0,90.3,9.7
Isaiah Roby,OKC,24,45,10,35,21.1,69.3,30.7,53.7,3.1,29.1,10.1,17.2,17.6,50.7,68.9,31.1,90.9,9.1,74.7,25.3
Isaiah Stewart,DET,20,71,21,50,25.6,90.6,9.4,79.8,4.4,7.6,11.5,12.6,10.7,75.4,68.9,31.1,93.3,6.7,70.4,29.6
Ish Smith,WAS,33,65,27,38,17.3,84.4,15.6,78.0,37.6,18.3,6.1,3.7,13.9,40.5,18.1,81.9,72.0,28.0,25.4,74.6
Ish Wainright,PHX,27,45,36,9,8.0,43.3,56.7,40.7,0.0,52.8,9.3,6.5,6.5,40.7,63.6,36.4,100,0.0,80.5,19.5
Ivica Zubac,LAC,25,76,40,36,24.4,100,0.0,79.0,1.0,0.0,5.5,21.0,10.7,78.0,71.9,28.1,0.0,0.0,71.9,28.1
Ja Morant,MEM,22,57,36,21,33.1,78.2,21.8,62.9,2.3,16.9,15.9,20.2,14.3,60.6,24.8,75.2,51.1,48.9,28.8,71.2
JaMychal Green,DEN,31,67,36,31,16.2,62.1,37.9,58.3,5.1,22.9,12.0,18.8,21.8,53.2,69.0,31.0,100,0.0,75.5,24.5
JaVale McGee,PHX,34,74,57,17,15.8,98.0,2.0,84.1,2.4,0.9,4.1,15.0,11.2,81.8,69.2,30.8,100,0.0,69.4,30.6
Jaden McDaniels,MIN,21,70,40,30,25.8,54.5,45.5,54.1,5.3,37.1,12.8,8.8,18.9,48.8,72.0,28.0,98.8,1.2,80.4,19.6
Jae Crowder,PHX,31,67,54,13,28.1,32.9,67.1,28.5,13.0,60.3,9.8,11.2,16.3,15.5,82.2,17.8,92.9,7.1,88.5,11.5
Jae'Sean Tate,HOU,26,78,19,59,26.4,72.3,27.7,65.3,0.2,20.6,11.5,14.1,12.0,65.1,49.0,51.0,93.7,6.3,56.7,43.3
Jakob Poeltl,SAS,26,68,30,38,29.0,99.8,0.2,89.4,1.7,0.3,1.5,10.3,13.1,87.7,70.2,29.8,100,0.0,70.2,29.8
Jalen Brunson,DAL,25,79,50,29,31.9,75.0,25.0,64.1,17.4,21.9,6.5,14.0,13.1,46.7,26.2,73.8,80.9,19.1,36.4,63.6
Jalen Green,HOU,20,67,12,55,31.9,52.0,48.0,43.0,6.9,40.7,14.1,16.3,15.5,36.1,43.8,56.2,66.2,33.8,52.5,47.5
Jalen McDaniels,CHA,24,55,34,21,16.3,57.5,42.5,48.2,2.4,36.2,12.9,15.6,14.1,45.9,61.0,39.0,100,0.0,74.0,26.0
Jalen Smith,IND,22,51,29,22,18.1,65.1,34.9,57.9,6.4,25.5,6.2,16.6,13.0,51.5,72.1,27.9,100,0.0,78.4,21.6
Jalen Suggs,ORL,20,48,16,32,27.2,64.2,35.8,55.3,7.4,22.3,17.7,22.4,16.1,47.9,36.5,63.5,66.7,33.3,42.9,57.1
James Harden,PHI,32,65,40,25,37.2,54.8,45.2,36.2,2.9,31.0,9.8,32.8,13.7,33.2,18.9,81.1,25.7,74.3,21.4,78.6
James Johnson,BKN,35,62,30,32,19.2,72.3,27.7,71.2,1.2,20.3,7.4,8.5,11.8,70.0,51.2,48.8,91.3,8.7,57.6,42.4
Jared Butler,UTA,21,42,31,11,8.6,41.7,58.3,41.0,11.2,52.2,9.9,6.8,16.1,29.8,18.2,81.8,50.0,50.0,32.8,67.2
Jaren Jackson Jr.,MEM,22,78,53,25,27.3,61.3,38.7,47.5,1.4,30.2,7.2,22.3,14.8,46.1,56.3,43.7,98.4,1.6,68.8,31.2
Jarred Vanderbilt,MIN,23,74,41,33,25.4,96.1,3.9,82.0,0.0,1.2,23.0,16.8,23.8,82.0,69.0,31.0,100,0.0,69.3,30.7
Jarrett Allen,CLE,23,56,35,21,32.3,98.2,1.8,81.4,3.5,0.3,5.0,18.3,14.0,77.9,73.4,26.6,0.0,100,73.2,26.8
Javonte Green,CHI,28,65,38,27,23.4,68.9,31.1,59.8,0.4,23.1,23.5,17.1,18.4,59.4,67.9,32.1,100,0.0,74.4,25.6
Jaxson Hayes,NOP,21,70,29,41,20.0,85.7,14.3,68.8,1.5,9.2,14.8,22.0,16.7,67.3,76.0,24.0,95.0,5.0,77.6,22.4
Jaylen Brown,BOS,25,66,43,23,33.6,61.9,38.1,52.6,10.8,31.9,13.5,15.5,14.7,41.8,47.1,52.9,75.9,24.1,55.4,44.6
Jaylen Nowell,MIN,22,62,37,25,15.7,61.3,38.7,50.5,8.3,35.9,18.6,13.6,16.3,42.1,42.9,57.1,77.8,22.2,54.1,45.9
Jayson Tatum,BOS,24,76,49,27,35.9,58.4,41.6,46.7,9.4,33.7,11.0,19.6,13.5,37.3,42.9,57.1,56.5,43.5,47.3,52.7
Jeff Green,DEN,35,75,44,31,24.7,68.2,31.8,58.0,4.1,20.6,15.9,21.4,13.3,53.9,82.1,17.9,98.1,1.9,85.2,14.8
Jerami Grant,DET,28,47,11,36,31.9,63.7,36.3,45.8,14.8,30.2,8.1,24.0,13.8,31.0,49.8,50.2,96.7,3.3,64.1,35.9
Jeremiah Robinson-Earl,OKC,21,49,15,34,22.2,49.1,50.9,41.5,4.4,47.5,7.7,11.0,14.2,37.2,75.0,25.0,100,0.0,85.8,14.2
Jeremy Lamb,SAC,29,56,23,33,16.7,51.0,49.0,38.0,13.2,40.2,9.8,21.8,15.4,24.9,34.6,65.4,81.8,18.2,54.1,45.9
Jericho Sims,NYK,23,41,19,22,13.5,100,0.0,86.7,0.0,0.0,0.0,13.3,27.8,86.7,79.5,20.5,0.0,0.0,79.5,20.5
Jevon Carter,MIL,26,66,39,27,13.7,32.8,67.2,23.1,14.4,71.5,17.3,5.4,14.8,8.7,43.8,56.3,77.3,22.7,66.3,33.7
Jimmy Butler,MIA,32,57,38,19,33.9,86.0,14.0,60.9,12.1,6.6,12.0,32.5,16.0,48.7,37.7,62.3,77.8,22.2,40.5,59.5
Jock Landale,SAS,26,54,24,30,10.9,56.4,43.6,54.3,3.0,32.8,6.4,12.9,10.2,51.3,70.8,29.2,100,0.0,79.2,20.8
Joe Ingles,POR,34,45,28,17,24.9,21.1,78.9,22.8,0.6,72.0,11.4,5.2,12.0,22.2,59.5,40.5,75.6,24.4,70.4,29.6
Joel Embiid,PHI,28,68,45,23,33.8,81.2,18.8,55.1,15.9,13.4,6.1,31.5,12.3,39.2,51.3,48.7,71.0,29.0,54.1,45.9
John Collins,ATL,24,54,26,28,30.8,72.7,27.3,62.8,9.8,21.9,5.1,15.3,12.6,53.0,79.3,20.7,98.4,1.6,82.9,17.1
John Konchar,MEM,26,72,48,24,17.9,51.9,48.1,47.6,2.3,44.7,21.2,7.7,17.2,45.3,61.4,38.6,92.3,7.7,73.3,26.7
Jonas Valanciunas,NOP,29,74,34,40,30.3,83.2,16.8,68.9,8.1,13.0,2.9,18.1,10.7,60.9,62.7,37.3,98.2,1.8,66.7,33.3
Jonathan Kuminga,GSW,19,70,44,26,16.9,67.6,32.4,57.1,2.1,23.0,12.3,19.9,18.3,54.9,60.8,39.2,100,0.0,69.1,30.9
Jordan Clarkson,UTA,29,79,47,32,27.1,46.4,53.6,43.6,4.1,45.0,9.2,11.4,12.4,39.5,22.1,77.9,67.4,32.6,40.6,59.4
Jordan McLaughlin,MIN,26,62,36,26,14.5,57.5,42.5,52.4,4.3,34.8,23.2,12.8,20.2,48.1,49.2,50.8,85.2,14.8,60.2,39.8
Jordan Nwora,MIL,23,62,34,28,19.1,50.9,49.1,43.9,9.0,48.7,12.7,7.4,20.1,34.9,61.7,38.3,74.7,25.3,67.2,32.8
Jordan Poole,GSW,22,76,49,27,30.0,45.2,54.8,37.4,6.3,45.1,15.2,17.5,14.7,31.2,41.4,58.6,70.6,29.4,54.4,45.6
Jose Alvarado,NOP,24,54,25,29,15.4,62.6,37.4,60.0,7.9,29.1,10.9,10.9,16.1,52.1,30.3,69.7,96.9,3.1,46.6,53.4
Josh Christopher,HOU,20,74,18,56,18.0,62.2,37.8,57.2,2.7,28.6,19.1,14.2,24.0,54.5,42.3,57.7,76.8,23.2,50.9,49.1
Josh Giddey,OKC,19,54,17,37,31.5,68.2,31.8,66.8,7.4,24.9,14.4,8.3,12.9,59.3,30.2,69.8,82.1,17.9,40.6,59.4
Josh Green,DAL,21,67,44,23,15.5,69.5,30.5,63.9,5.6,26.3,23.5,9.8,17.6,58.3,78.4,21.6,100,0.0,83.1,16.9
Josh Hart,POR,27,54,20,34,33.2,62.6,37.4,53.0,4.7,27.1,25.9,19.9,14.1,48.3,47.2,52.8,74.0,26.0,54.0,46.0
Josh Jackson,SAC,25,51,12,39,16.3,56.7,43.3,53.0,8.5,30.2,15.5,16.8,17.4,44.5,51.7,48.3,87.9,12.1,61.7,38.3
Josh Okogie,MIN,23,49,23,26,10.5,54.8,45.2,42.1,0.0,31.6,9.0,26.3,24.8,42.1,60.7,39.3,100,0.0,73.8,26.2
Josh Richardson,SAS,28,65,38,27,24.6,53.9,46.1,39.6,12.9,45.9,8.9,14.5,18.2,26.7,47.7,52.3,99.0,1.0,70.1,29.9
Joshua Primo,SAS,19,50,22,28,19.3,49.3,50.7,41.0,4.2,43.8,11.8,15.2,14.6,36.8,52.5,47.5,92.9,7.1,69.3,30.7
Jrue Holiday,MIL,31,67,47,20,32.9,66.4,33.6,56.5,13.2,32.3,8.4,11.2,12.2,43.3,19.7,80.3,43.2,56.8,26.2,73.8
Juan Toscano-Anderson,GSW,29,73,51,22,13.6,63.0,37.0,58.4,0.7,28.2,13.1,13.4,15.4,57.7,69.0,31.0,85.7,14.3,73.0,27.0
Juancho Hernangomez,UTA,26,40,20,20,11.1,34.9,65.1,30.5,0.0,55.0,12.2,14.5,13.7,30.5,80.0,20.0,100,0.0,90.9,9.1
Julius Randle,NYK,27,72,32,40,35.3,68.7,31.3,54.2,13.8,24.9,6.5,20.9,15.0,40.4,36.2,63.8,80.0,20.0,46.5,53.5
Justin Holiday,SAC,33,74,25,49,27.8,27.2,72.8,22.4,7.5,70.9,11.2,6.7,15.1,15.0,78.6,21.4,96.0,4.0,90.4,9.6
Justise Winslow,POR,26,48,24,24,16.1,74.3,25.7,69.3,3.6,16.4,13.5,14.3,19.3,65.7,69.5,30.5,100,0.0,73.6,26.4
Jusuf Nurkic,POR,27,56,25,31,28.2,90.7,9.3,72.7,2.1,5.3,3.7,22.0,11.5,70.5,62.7,37.3,93.3,6.7,64.2,35.8
Karl-Anthony Towns,MIN,26,74,44,30,33.5,69.9,30.1,54.1,4.7,24.8,5.3,21.1,14.0,49.4,53.7,46.3,88.7,11.3,61.8,38.2
Keita Bates-Diop,SAS,26,59,23,36,16.2,79.1,20.9,71.0,4.2,15.2,14.9,13.8,14.9,66.9,75.6,24.4,94.1,5.9,77.9,22.1
Keldon Johnson,SAS,22,75,33,42,31.9,60.5,39.5,48.8,4.1,37.3,13.9,13.9,15.7,44.8,64.4,35.6,96.9,3.1,75.4,24.6
Kelly Olynyk,DET,30,40,13,27,19.1,58.4,41.6,48.2,6.6,32.9,9.6,18.9,19.7,41.6,62.5,37.5,87.5,12.5,70.3,29.7
Kelly Oubre Jr.,CHA,26,76,39,37,26.3,40.7,59.3,38.5,1.8,50.4,14.9,11.1,19.9,36.8,61.2,38.8,93.2,6.8,76.1,23.9
Kenrich Williams,OKC,27,49,17,32,21.9,61.8,38.2,57.9,9.9,33.9,10.5,8.2,19.6,47.9,59.0,41.0,82.9,17.1,65.8,34.2
Kentavious Caldwell-Pope,WAS,29,77,34,43,30.2,50.8,49.2,39.7,18.9,46.9,13.1,13.4,16.0,20.8,61.9,38.1,91.2,8.8,74.8,25.2
Kenyon Martin Jr.,HOU,21,79,20,59,21.0,67.9,32.1,62.9,0.0,25.9,15.4,11.2,16.7,62.9,73.5,26.5,100,0.0,79.2,20.8
Kessler Edwards,BKN,21,48,22,26,20.6,49.1,50.9,43.7,9.9,50.7,14.1,5.6,14.4,33.8,64.5,35.5,100,0.0,80.0,20.0
Kevin Durant,BKN,33,55,36,19,37.2,73.1,26.9,56.4,27.5,21.0,11.7,22.6,12.1,28.8,49.9,50.1,55.7,44.3,51.0,49.0
Kevin Huerter,ATL,23,74,40,34,29.6,45.9,54.1,41.5,10.8,53.8,13.0,4.7,15.8,30.7,51.9,48.1,90.0,10.0,69.6,30.4
Kevin Love,CLE,33,74,38,36,22.5,37.3,62.7,27.8,8.1,55.7,6.3,16.5,14.0,19.7,57.1,42.9,93.6,6.4,78.0,22.0
Kevin Porter Jr.,HOU,21,61,16,45,31.3,48.9,51.1,37.9,5.7,49.0,11.6,13.1,14.4,32.2,26.7,73.3,51.6,48.4,38.2,61.8
Kevon Looney,GSW,26,82,53,29,21.1,99.7,0.3,84.7,4.9,0.0,4.5,15.3,12.6,79.8,73.6,26.4,0.0,0.0,73.6,26.4
Khem Birch,TOR,29,55,34,21,18.0,93.0,7.0,78.5,3.2,0.0,7.7,21.5,19.4,75.3,80.4,19.6,0.0,0.0,80.4,19.6
Khris Middleton,MIL,30,66,44,22,32.4,57.5,42.5,43.8,19.3,36.7,8.8,19.5,9.0,24.5,33.1,66.9,63.0,37.0,43.8,56.2
Killian Hayes,DET,20,66,21,45,25.0,63.6,36.4,58.3,9.3,29.1,13.5,12.6,19.4,49.0,34.1,65.9,90.9,9.1,48.3,51.7
Kristaps Porzingis,WAS,26,51,26,25,29.0,67.1,32.9,53.2,12.8,22.7,7.3,24.1,11.2,40.4,68.2,31.8,98.7,1.3,75.0,25.0
Kyle Anderson,MEM,28,69,46,23,21.5,76.8,23.2,66.4,5.4,20.7,12.9,12.9,19.8,61.0,51.4,48.6,97.2,2.8,59.3,40.7
Kyle Kuzma,WAS,26,66,29,37,33.4,59.9,40.1,52.2,8.0,34.0,10.3,13.8,10.9,44.2,49.2,50.8,88.3,11.7,61.0,39.0
Kyle Lowry,MIA,36,63,41,22,33.9,39.1,60.9,31.3,9.2,51.2,10.9,17.5,15.6,22.0,30.3,69.7,65.3,34.7,48.6,51.4
LaMarcus Aldridge,BKN,36,47,26,21,22.3,90.0,10.0,78.4,37.9,6.9,2.3,14.7,10.2,40.5,74.8,25.2,100,0.0,76.2,23.8
LaMelo Ball,CHA,20,75,39,36,32.3,54.9,45.1,42.2,6.6,43.8,14.8,14.0,16.1,35.5,26.4,73.6,75.0,25.0,46.3,53.7
Lamar Stevens,CLE,24,63,35,28,16.1,79.6,20.4,72.1,11.0,14.1,14.1,13.8,16.2,61.1,60.1,39.9,100,0.0,64.7,35.3
Lance Stephenson,IND,31,46,11,35,17.7,72.1,27.9,62.5,20.8,21.1,8.9,16.4,15.6,41.7,20.0,80.0,59.3,40.7,27.2,72.8
Landry Shamet,PHX,25,69,53,16,20.8,31.1,68.9,23.7,6.6,64.4,10.5,11.9,18.8,17.1,60.3,39.7,95.1,4.9,82.7,17.3
Larry Nance Jr.,NOP,29,46,19,27,22.6,71.7,28.3,66.0,3.1,21.5,10.3,12.5,19.0,62.9,68.9,31.1,100,0.0,74.4,25.6
Lauri Markkanen,CLE,24,61,32,29,30.8,45.9,54.1,39.3,3.6,45.3,13.0,15.4,16.4,35.8,68.4,31.6,99.3,0.7,81.8,18.2
LeBron James,LAL,37,56,25,31,37.2,63.3,36.7,56.5,9.2,28.5,15.8,15.0,14.0,47.3,40.7,59.3,55.9,44.1,44.5,55.5
Lonnie Walker IV,SAS,23,70,27,43,23.0,53.8,46.2,47.1,14.6,39.2,13.5,13.7,16.7,32.5,54.0,46.0,85.6,14.4,65.3,34.7
Lou Williams,ATL,35,56,33,23,14.3,68.1,31.9,49.7,22.0,31.4,6.2,18.9,7.3,27.7,34.1,65.9,73.0,27.0,45.6,54.4
Luguentz Dort,OKC,22,51,17,34,32.7,46.1,53.9,37.2,2.5,44.5,10.7,18.3,12.8,34.7,49.1,50.9,87.7,12.3,66.2,33.8
Luka Doncic,DAL,23,65,44,21,35.4,59.4,40.6,47.6,8.8,32.6,4.0,19.8,11.5,38.9,10.7,89.3,21.9,78.1,14.2,85.8
Luke Kennard,LAC,25,70,35,35,27.4,33.8,66.2,23.3,8.9,68.4,10.4,8.3,13.1,14.4,66.0,34.0,91.6,8.4,82.9,17.1
Malachi Flynn,TOR,23,44,25,19,12.2,50.8,49.2,44.4,13.8,47.6,11.1,8.0,13.8,30.7,21.4,78.6,80.0,20.0,45.8,54.2
Malik Beasley,MIN,25,79,46,33,25.0,25.1,74.9,19.3,5.0,75.6,16.6,5.1,18.4,14.3,65.2,34.8,90.4,9.6,83.4,16.6
Malik Monk,LAL,24,76,32,44,28.1,46.5,53.5,41.6,3.4,49.5,19.7,8.9,15.3,38.2,54.6,45.4,83.2,16.8,67.3,32.7
Marcus Morris Sr.,LAC,32,54,26,28,29.0,60.2,39.8,48.0,25.5,36.5,4.2,15.5,10.1,22.4,32.7,67.3,90.1,9.9,52.0,48.0
Marcus Smart,BOS,28,71,47,24,32.3,49.9,50.1,42.0,1.9,41.5,8.8,16.5,13.8,40.2,36.5,63.5,91.6,8.4,58.3,41.7
Marvin Bagley III,DET,23,48,17,31,23.9,78.3,21.7,74.8,3.7,12.8,8.0,12.4,15.0,71.1,65.8,34.2,91.3,8.7,68.4,31.6
Mason Plumlee,CHA,32,73,40,33,24.6,99.4,0.6,86.0,1.3,0.0,12.8,14.0,15.3,84.7,77.6,22.4,0.0,0.0,77.6,22.4
Matisse Thybulle,PHI,25,66,43,23,25.5,52.0,48.0,55.4,0.0,35.6,21.4,9.0,20.3,55.4,73.3,26.7,95.6,4.4,80.0,20.0
Matt Thomas,CHI,27,40,23,17,11.5,32.1,67.9,24.8,23.6,65.2,3.7,10.0,11.8,1.2,85.0,15.0,88.6,11.4,87.3,12.7
Maurice Harkless,SAC,28,47,15,32,18.4,44.2,55.8,47.9,0.9,42.9,9.2,9.2,12.4,47.0,78.8,21.2,100,0.0,86.7,13.3
Max Strus,MIA,26,68,46,22,23.3,21.6,78.4,18.9,1.1,75.3,10.8,5.8,15.1,17.8,77.9,22.1,95.6,4.4,90.8,9.2
Maxi Kleber,DAL,30,59,36,23,24.6,28.0,72.0,28.2,1.5,60.6,5.1,11.2,12.2,26.8,84.5,15.5,98.8,1.2,92.9,7.1
Mikal Bridges,PHX,25,82,64,18,34.8,63.6,36.4,59.0,6.9,29.7,19.9,11.3,21.1,52.2,76.4,23.6,98.3,1.7,81.9,18.1
Mike Conley,UTA,34,72,44,28,28.6,47.7,52.3,35.5,2.8,51.4,4.7,13.1,12.8,32.7,25.7,74.3,52.1,47.9,38.7,61.3
Mike Muscala,OKC,30,43,15,28,13.8,34.3,65.7,25.0,5.2,61.0,4.9,14.0,10.8,19.8,81.4,18.6,100,0.0,92.9,7.1
Miles Bridges,CHA,24,80,41,39,35.5,61.7,38.3,54.8,2.7,28.6,10.5,16.6,14.6,52.1,59.7,40.3,82.5,17.5,65.6,34.4
Miles McBride,NYK,21,40,19,21,9.3,37.0,63.0,33.7,9.0,57.3,12.4,9.0,23.6,24.7,26.7,73.3,76.5,23.5,53.1,46.9
Mitchell Robinson,NYK,24,72,32,40,25.7,100,0.0,85.6,0.0,0.0,1.5,14.4,13.0,85.6,51.7,48.3,0.0,0.0,51.7,48.3
Mo Bamba,ORL,23,71,19,52,25.7,54.5,45.5,50.0,5.0,42.5,6.2,7.5,10.7,45.0,56.6,43.4,99.1,0.9,72.0,28.0
Monte Morris,DEN,26,75,44,31,29.9,59.4,40.6,52.9,19.5,39.4,13.4,7.7,13.9,33.4,47.2,52.8,93.5,6.5,62.6,37.4
Montrezl Harrell,CHA,28,71,36,35,23.1,96.9,3.1,76.0,4.3,1.3,9.9,22.7,12.2,71.7,65.3,34.7,100,0.0,65.6,34.4
Moritz Wagner,ORL,24,63,16,47,15.2,49.2,50.8,46.5,0.0,35.1,6.9,18.4,14.2,46.5,76.3,23.7,98.5,1.5,83.8,16.2
Moses Brown,CLE,22,40,19,21,8.6,100,0.0,74.9,0.0,0.0,9.4,25.1,14.0,74.9,81.3,18.8,0.0,0.0,81.3,18.8
Moses Moody,GSW,19,52,35,17,11.7,39.9,60.1,35.1,4.4,52.6,7.9,12.3,11.4,30.7,70.0,30.0,100,0.0,85.0,15.0
Myles Turner,IND,26,42,15,27,29.4,53.4,46.6,51.5,3.3,33.9,7.6,14.6,10.6,48.1,68.3,31.7,100,0.0,78.0,22.0
Naji Marshall,NOP,24,55,23,32,13.4,61.0,39.0,56.2,1.9,20.1,22.4,23.7,18.8,54.3,55.7,44.3,81.0,19.0,60.6,39.4
Nassir Little,POR,22,42,19,23,25.9,51.1,48.9,45.9,4.9,37.3,20.0,16.8,22.9,41.0,69.1,30.9,92.2,7.8,77.2,22.8
Naz Reid,MIN,22,77,42,35,15.8,65.1,34.9,55.3,0.0,26.8,5.3,17.9,14.6,55.3,62.5,37.5,98.2,1.8,71.2,28.8
Nemanja Bjelica,GSW,33,71,48,23,16.1,56.4,43.6,49.0,3.2,37.4,6.7,13.6,15.5,45.7,68.9,31.1,94.4,5.6,77.5,22.5
Nic Claxton,BKN,22,47,24,23,20.7,100,0.0,86.8,0.5,0.0,11.2,13.2,15.9,86.3,73.6,26.4,0.0,0.0,73.6,26.4
Nick Richards,CHA,24,50,25,25,7.3,100,0.0,80.0,2.7,0.0,13.3,20.0,12.7,77.3,78.3,21.7,0.0,0.0,78.3,21.7
Nickeil Alexander-Walker,UTA,23,65,29,36,22.6,50.3,49.7,42.8,5.8,45.5,11.4,11.7,16.2,37.0,39.9,60.1,87.6,12.4,59.7,40.3
Nicolas Batum,LAC,33,59,31,28,24.8,30.2,69.8,28.9,10.2,66.0,11.6,5.1,16.7,18.7,83.1,16.9,97.2,2.8,91.6,8.4
Nikola Jokic,DEN,27,74,46,28,33.5,78.0,22.0,66.6,6.8,14.5,6.4,18.9,11.1,59.8,58.0,42.0,91.8,8.2,62.3,37.7
Nikola Vucevic,CHI,31,73,41,32,33.1,71.3,28.7,68.6,14.6,24.2,3.9,7.2,12.0,54.0,71.3,28.7,100,0.0,76.7,23.3
Norman Powell,LAC,28,45,15,30,32.4,58.2,41.8,40.6,8.9,37.3,16.3,22.1,18.3,31.7,50.9,49.1,87.7,12.3,64.9,35.1
OG Anunoby,TOR,24,48,31,17,36.0,54.5,45.5,47.2,7.3,42.0,15.6,10.8,21.5,39.9,46.4,53.6,87.0,13.0,61.5,38.5
Obi Toppin,NYK,24,72,32,40,17.1,64.3,35.7,61.4,0.9,24.1,18.5,14.5,19.0,60.5,82.4,17.6,100,0.0,86.1,13.9
Omer Yurtseven,MIA,23,56,39,17,12.6,95.5,4.5,86.3,3.3,1.0,5.0,12.7,12.4,82.9,78.3,21.7,100,0.0,78.5,21.5
Onyeka Okongwu,ATL,21,48,26,22,20.7,100,0.0,79.6,0.0,0.0,4.1,20.4,11.7,79.6,79.5,20.5,0.0,0.0,79.5,20.5
Oshae Brissett,IND,23,67,19,48,23.3,53.2,46.8,40.8,1.3,40.6,16.2,18.6,13.2,39.5,67.2,32.8,96.4,3.6,78.8,21.2
Otto Porter Jr.,GSW,28,63,41,22,22.2,48.1,51.9,43.9,9.7,46.6,12.4,9.5,16.5,34.2,73.5,26.5,95.0,5.0,82.4,17.6
P.J. Tucker,MIA,36,71,45,26,27.9,54.9,45.1,47.1,4.1,44.5,4.1,8.4,16.0,43.0,81.9,18.1,98.8,1.2,88.4,11.6
P.J. Washington,CHA,23,65,33,32,27.2,43.4,56.6,41.9,0.6,49.4,11.7,8.7,15.7,41.3,79.3,20.7,97.3,2.7,87.2,12.8
Pascal Siakam,TOR,28,68,40,28,37.9,81.9,18.1,67.2,9.9,14.5,14.8,18.3,18.6,57.3,29.2,70.8,94.7,5.3,37.4,62.6
Pat Connaughton,MIL,29,65,41,24,26.0,25.4,74.6,25.1,1.6,67.9,11.3,7.0,14.1,23.6,77.8,22.2,95.2,4.8,89.0,11.0
Patrick Beverley,MIN,33,58,33,25,25.4,44.5,55.5,35.3,3.4,46.7,9.2,18.0,16.1,31.9,25.5,74.5,78.3,21.7,50.3,49.7
Patty Mills,BKN,33,81,44,37,29.0,28.5,71.5,21.0,10.4,73.8,12.7,5.2,12.0,10.6,61.9,38.1,92.5,7.5,83.3,16.7
Payton Pritchard,BOS,24,71,46,25,14.1,34.3,65.7,26.7,11.3,68.6,13.3,4.7,17.0,15.4,35.6,64.4,80.2,19.8,63.8,36.3
Precious Achiuwa,TOR,22,73,46,27,23.6,74.1,25.9,63.0,4.5,25.3,15.7,11.7,19.0,58.4,59.8,40.2,96.4,3.6,67.5,32.5
Quentin Grimes,NYK,21,46,21,25,17.1,19.6,80.4,16.7,5.8,78.5,15.3,4.8,23.3,10.9,60.9,39.1,95.8,4.2,87.4,12.6
R.J. Hampton,ORL,21,64,15,49,21.9,60.0,40.0,45.4,2.9,39.3,21.9,15.3,14.9,42.5,33.3,66.7,90.6,9.4,54.3,45.7
RJ Barrett,NYK,21,70,33,37,34.5,66.2,33.8,49.8,4.0,29.5,15.3,20.7,14.1,45.8,39.8,60.2,91.3,8.7,54.4,45.6
Raul Neto,WAS,29,70,29,41,19.6,72.8,27.2,64.3,9.1,20.0,6.3,15.7,14.4,55.1,33.1,66.9,68.6,31.4,39.2,60.8
Reggie Bullock,DAL,31,68,44,24,28.0,21.8,78.2,20.6,5.8,72.6,15.6,6.8,17.5,14.8,76.7,23.3,98.6,1.4,92.0,8.0
Reggie Jackson,LAC,31,75,38,37,31.2,58.1,41.9,49.4,10.8,39.7,8.0,10.9,12.2,38.6,20.5,79.5,58.7,41.3,33.8,66.2
Richaun Holmes,SAC,28,45,16,29,23.9,98.3,1.7,83.8,3.0,1.3,7.3,14.9,12.2,80.8,75.0,25.0,100,0.0,75.3,24.7
Robert Covington,LAC,31,71,34,37,27.3,31.9,68.1,26.8,1.7,63.6,13.1,9.6,16.2,25.2,65.4,34.6,93.0,7.0,82.3,17.7
Robert Williams III,BOS,24,61,40,21,29.6,99.7,0.3,89.3,1.3,0.0,5.9,10.7,16.6,88.0,69.4,30.6,0.0,0.0,69.4,30.6
Rodney Hood,LAC,29,52,30,22,13.6,42.0,58.0,34.4,11.0,55.2,11.7,10.4,12.9,23.3,53.6,46.4,83.3,16.7,69.0,31.0
Rodney McGruder,DET,30,51,13,38,14.8,35.1,64.9,29.3,5.1,63.7,13.2,7.0,15.4,24.2,65.0,35.0,100,0.0,85.7,14.3
Romeo Langford,SAS,22,48,24,24,16.1,55.5,44.5,49.5,6.4,39.9,6.0,10.6,13.8,43.1,72.2,27.8,96.6,3.4,80.7,19.3
Royce O'Neale,UTA,28,77,46,31,31.2,31.1,68.9,29.5,0.4,62.6,21.4,7.9,18.9,29.1,67.9,32.1,98.3,1.7,85.7,14.3
Rudy Gay,UTA,35,55,34,21,18.9,46.4,53.6,39.0,10.8,47.1,7.8,13.9,13.5,28.3,50.6,49.4,92.9,7.1,69.4,30.6
Rudy Gobert,UTA,29,66,42,24,32.1,99.2,0.8,70.5,0.0,0.0,4.3,29.5,12.0,70.5,72.4,27.6,0.0,0.0,72.4,27.6
Rui Hachimura,WAS,24,42,16,26,22.5,67.7,32.3,55.6,15.2,34.7,12.4,9.7,12.2,40.4,60.6,39.4,98.2,1.8,71.7,28.3
Russell Westbrook,LAL,33,78,31,47,34.3,78.5,21.5,65.1,12.1,16.4,10.5,18.5,11.4,53.0,23.2,76.8,64.6,35.4,29.2,70.8
Saddiq Bey,DET,23,82,23,59,33.0,46.3,53.7,36.2,7.7,47.9,10.0,15.9,14.5,28.5,43.1,56.9,89.1,10.9,64.7,35.3
Sandro Mamukelashvili,MIL,22,41,22,19,9.9,54.8,45.2,45.5,1.3,42.9,3.2,11.6,8.4,44.2,62.9,37.1,100,0.0,77.2,22.8
Scottie Barnes,TOR,20,74,43,31,35.4,79.3,20.7,70.7,10.9,15.3,16.0,14.0,15.9,59.8,42.9,57.1,84.5,15.5,48.1,51.9
Serge Ibaka,MIL,32,54,30,24,16.3,66.6,33.4,60.8,11.0,30.4,6.0,8.8,9.0,49.9,70.3,29.7,100,0.0,77.7,22.3
Seth Curry,BKN,31,64,38,26,33.3,49.4,50.6,42.1,25.4,49.4,15.0,8.5,14.4,16.7,46.5,53.5,82.9,17.1,62.5,37.5
Shai Gilgeous-Alexander,OKC,23,56,16,40,34.7,71.8,28.2,56.6,7.6,19.5,7.8,23.9,12.3,49.0,13.7,86.3,30.3,69.7,16.8,83.2
Shake Milton,PHI,25,55,34,21,21.4,67.0,33.0,57.8,7.1,28.7,12.4,13.5,17.1,50.7,36.9,63.1,93.0,7.0,50.9,49.1
Spencer Dinwiddie,DAL,29,67,38,29,29.6,55.1,44.9,42.2,6.7,36.6,6.6,21.2,13.3,35.5,20.1,79.9,53.6,46.4,32.4,67.6
Stanley Johnson,LAL,25,48,16,32,22.8,58.2,41.8,52.5,5.6,30.9,13.8,16.6,11.3,46.9,54.8,45.2,93.9,6.1,65.8,34.2
Stephen Curry,GSW,34,64,45,19,34.5,38.7,61.3,30.7,7.2,52.5,12.4,16.8,16.0,23.4,36.8,63.2,57.2,42.8,47.7,52.3
Sterling Brown,DAL,27,49,31,18,12.8,40.6,59.4,38.8,6.3,52.5,13.8,8.7,18.8,32.5,77.4,22.6,85.7,14.3,81.4,18.6
Steven Adams,MEM,28,76,51,25,26.3,99.7,0.3,79.5,1.1,0.0,1.7,20.5,10.8,78.4,49.0,51.0,0.0,0.0,49.0,51.0
Svi Mykhailiuk,TOR,24,56,29,27,12.8,42.7,57.3,39.2,5.5,48.2,21.6,12.6,21.6,33.7,54.0,46.0,95.1,4.9,72.5,27.5
Taj Gibson,NYK,36,52,24,28,18.2,77.1,22.9,62.0,8.7,19.7,3.1,18.3,12.7,53.3,67.6,32.4,100,0.0,73.3,26.7
Talen Horton-Tucker,LAL,21,60,23,37,25.2,66.2,33.8,58.6,7.0,24.6,14.4,16.8,17.3,51.6,40.6,59.4,79.6,20.4,49.1,50.9
Taurean Prince,MIN,28,69,40,29,17.1,41.3,58.7,36.3,6.4,51.4,18.1,12.3,20.9,29.9,69.2,30.8,94.2,5.8,81.4,18.6
Terance Mann,LAC,25,81,41,40,28.6,69.9,30.1,59.2,7.8,26.1,21.9,14.7,15.9,51.4,51.9,48.1,84.2,15.8,59.3,40.7
Terrence Ross,ORL,31,63,14,49,23.0,52.3,47.7,45.5,17.2,36.7,3.2,17.8,13.7,28.3,52.4,47.6,77.9,22.1,61.4,38.6
Terry Rozier,CHA,28,73,38,35,33.7,49.2,50.8,42.0,8.5,47.3,15.1,10.7,15.8,33.5,43.9,56.1,83.8,16.2,61.0,39.0
Thaddeus Young,TOR,33,52,27,25,16.3,82.4,17.6,77.0,3.1,15.8,8.4,7.2,9.0,73.9,52.4,47.6,100,0.0,58.2,41.8
Thanasis Antetokounmpo,MIL,29,48,26,22,9.9,89.1,10.9,79.5,2.3,3.5,9.9,17.0,12.9,77.2,63.2,36.8,50.0,50.0,62.9,37.1
Theo Maledon,OKC,20,51,14,37,17.8,52.7,47.3,41.6,2.2,36.6,8.6,21.8,11.4,39.3,45.3,54.7,86.4,13.6,60.5,39.5
Tim Hardaway Jr.,DAL,30,42,24,18,29.6,42.6,57.4,35.8,16.4,51.2,14.0,13.0,9.7,19.4,66.4,33.6,80.4,19.6,73.2,26.8
Timothe Luwawu-Cabarrot,ATL,26,52,30,22,13.2,34.4,65.6,26.4,1.8,58.1,12.3,15.5,18.9,24.7,70.0,30.0,97.7,2.3,86.5,13.5
Tobias Harris,PHI,29,73,45,28,34.8,73.1,26.9,62.4,8.1,24.1,10.5,13.5,11.7,54.3,44.4,55.6,89.1,10.9,53.5,46.5
Tomas Satoransky,WAS,30,55,21,34,16.5,72.3,27.7,61.6,12.1,16.7,9.1,21.7,13.1,49.5,44.3,55.7,100,0.0,52.8,47.2
Tony Bradley,CHI,24,55,28,27,10.0,100,0.0,88.3,7.4,0.0,8.0,11.7,16.0,81.0,75.0,25.0,0.0,0.0,75.0,25.0
Tony Snell,NOP,30,53,19,34,15.5,25.1,74.9,25.7,4.3,72.2,5.3,2.1,15.0,21.4,75.0,25.0,95.6,4.4,88.4,11.6
Torrey Craig,PHX,31,78,36,42,20.5,46.9,53.1,47.7,3.9,44.8,21.3,7.5,16.1,43.8,58.5,41.5,96.1,3.9,73.0,27.0
Trae Young,ATL,23,76,40,36,34.9,60.5,39.5,44.4,13.0,32.4,7.7,23.2,14.0,31.4,14.2,85.8,22.3,77.7,16.9,83.1
Tre Jones,SAS,22,69,32,37,16.6,85.0,15.0,75.5,10.2,7.3,16.2,17.2,18.4,65.4,45.5,54.5,80.0,20.0,47.6,52.4
Tre Mann,OKC,21,60,17,43,22.8,53.7,46.3,42.6,8.0,47.0,5.3,10.4,15.7,34.6,28.6,71.4,66.3,33.7,44.6,55.4
Trendon Watford,POR,21,48,16,32,18.1,85.8,14.2,73.1,1.6,7.4,21.4,19.5,15.4,71.4,57.9,42.1,88.9,11.1,59.9,40.1
Trent Forrest,UTA,23,60,36,24,12.8,82.6,17.4,72.8,5.1,7.7,6.2,19.5,12.8,67.7,22.5,77.5,100,0.0,27.6,72.4
Trey Burke,DAL,29,42,24,18,10.5,61.9,38.1,54.2,22.4,36.4,12.6,9.4,16.8,31.8,25.9,74.1,84.6,15.4,44.0,56.0
Trey Lyles,SAC,26,75,19,56,20.5,62.8,37.2,49.6,3.8,25.6,6.6,24.8,15.0,45.8,60.0,40.0,100,0.0,70.2,29.8
Trey Murphy III,NOP,21,62,31,31,13.9,32.9,67.1,22.8,1.2,63.8,17.1,13.4,18.3,21.6,57.9,42.1,97.2,2.8,83.5,16.5
Tristan Thompson,CHI,31,57,20,37,15.7,98.9,1.1,81.4,1.2,0.9,6.1,17.7,9.0,80.2,65.7,34.3,100,0.0,66.0,34.0
Troy Brown Jr.,CHI,22,66,37,29,16.0,48.4,51.6,43.1,4.2,49.8,13.4,7.1,13.1,38.9,67.2,32.8,95.7,4.3,79.6,20.4
Ty Jerome,OKC,24,48,15,33,16.7,43.3,56.7,41.2,4.1,47.6,10.0,11.2,12.9,37.1,30.0,70.0,79.6,20.4,51.6,48.4
Tyler Herro,MIA,22,66,44,22,32.6,60.9,39.1,47.7,15.4,38.4,11.1,13.9,16.5,32.3,33.4,66.6,70.9,29.1,46.5,53.5
Tyrese Haliburton,IND,22,77,26,51,35.0,57.2,42.8,45.6,13.5,40.9,15.2,13.5,15.2,32.0,27.9,72.1,58.4,41.6,39.3,60.7
Tyrese Maxey,PHI,21,75,45,30,35.3,68.9,31.1,53.5,10.1,30.2,18.7,16.3,18.8,43.5,45.0,55.0,71.2,28.8,52.2,47.8
Tyus Jones,MEM,25,73,51,22,21.2,62.9,37.1,53.5,10.4,38.0,14.4,8.5,14.9,43.0,36.7,63.3,83.8,16.2,51.8,48.2
Wayne Ellington,LAL,34,43,15,28,18.8,11.0,89.0,11.1,1.4,85.7,11.1,3.2,13.2,9.8,87.5,12.5,95.1,4.9,93.9,6.1
Wendell Carter Jr.,ORL,22,62,16,46,29.9,68.7,31.3,62.1,8.2,22.6,5.6,15.3,12.6,53.9,60.9,39.1,100,0.0,68.5,31.5
Wesley Matthews,MIL,35,49,33,16,20.5,28.6,71.4,27.3,0.0,63.9,14.5,8.8,9.6,27.3,64.7,35.3,98.1,1.9,85.1,14.9
Will Barton,DEN,31,71,41,30,32.1,52.0,48.0,45.1,7.5,45.2,18.0,9.7,12.1,37.6,49.8,50.2,77.1,22.9,60.7,39.3
Willy Hernangomez,NOP,27,50,22,28,16.8,96.3,3.7,73.3,0.9,2.6,6.4,24.1,15.5,72.4,68.7,31.3,100,0.0,69.4,30.6
Xavier Tillman,MEM,23,53,35,18,13.2,77.3,22.7,69.8,3.2,11.9,17.5,18.3,20.2,66.7,67.0,33.0,90.0,10.0,69.4,30.6
Zach LaVine,CHI,27,67,37,30,34.7,59.9,40.1,46.5,12.4,33.9,12.5,19.6,17.2,34.1,35.0,65.0,56.8,43.2,42.1,57.9
Zeke Nnaji,DEN,21,41,24,17,17.0,57.0,43.0,43.7,3.0,41.1,9.3,15.2,19.3,40.7,57.6,42.4,94.6,5.4,71.9,28.1
Ziaire Williams,MEM,20,62,41,21,21.7,42.9,57.1,45.9,9.6,45.5,27.1,8.6,18.4,36.3,80.0,20.0,96.1,3.9,86.4,13.6